﻿<?xml version="1.0" encoding="utf-8"?>
<Files>
<File>
  <SourceFile>C:\A\vs2019mb-000030-1\_work\21\s\src\Messaging\Xamarin.Messaging.Build\bin\Release\Build.exe</SourceFile>
  <ParsedSourceFile>C:\A\vs2019mb-000030-1\_work\21\s\src\Messaging\Xamarin.Messaging.Build\bin\Release\localize\ENU\Build.exe.lcg</ParsedSourceFile>
  <TranslationFile>C:\A\vs2019mb-000030-1\_work\21\s\loc\lcl\{Lang}\Build.exe.lcl</TranslationFile>
  <ProjectFile>C:\A\vs2019mb-000030-1\_work\21\s\src\Messaging\Xamarin.Messaging.Build\Xamarin.Messaging.Build.csproj</ProjectFile>
  <SettingsFile></SettingsFile>
  <SettingsFile></SettingsFile>
</File>
</Files>