﻿<?xml version="1.0" encoding="utf-8"?>
<Files>
<File>
  <SourceFile>C:\A\vs2019mb-000030-1\_work\21\s\External\messaging\src\Broker\Xamarin.Messaging.Broker\bin\Release\Broker.exe</SourceFile>
  <ParsedSourceFile>C:\A\vs2019mb-000030-1\_work\21\s\External\messaging\src\Broker\Xamarin.Messaging.Broker\bin\Release\localize\ENU\Broker.exe.lcg</ParsedSourceFile>
  <TranslationFile>C:\A\vs2019mb-000030-1\_work\21\s\loc\lcl\{Lang}\Broker.exe.lcl</TranslationFile>
  <ProjectFile>C:\A\vs2019mb-000030-1\_work\21\s\External\messaging\src\Broker\Xamarin.Messaging.Broker\Xamarin.Messaging.Broker.csproj</ProjectFile>
  <SettingsFile></SettingsFile>
  <SettingsFile></SettingsFile>
</File>
</Files>