{
  "DateTime": "0001-01-01T00:00:00",
  "BuildSystem": "Microbuild V2",
  "SourceControl": {
    "Type": "GitHub",
    "Url": "https://github.com/xamarin/XamarinVS",
    "Branch": "d16-6",
    "Repository": "XamarinVS"
  },
  "LanguageSets": [],
  "Projects": [
    {
      "Name": "Xamarin.Messaging.Build",
      "Path": "src\\Messaging\\Xamarin.Messaging.Build\\Xamarin.Messaging.Build.csproj",
      "LocItems": [
        {
          "SourceFile": "src\\Messaging\\Xamarin.Messaging.Build\\bin\\Release\\Build.exe",
          "LclFile": "loc\\lcl\\{Lang}\\Build.exe.lcl",
          "LcgFile": "src\\Messaging\\Xamarin.Messaging.Build\\bin\\Release\\localize\\ENU\\Build.exe.lcg",
          "Languages": "CHS;CHT;CSY;DEU;ESN;FRA;ITA;JPN;KOR;PLK;PTB;RUS;TRK",
          "CopyOption": "None"
        }
      ],
      "LssFiles": []
    }
  ],
  "LanguageFolderMappings": {
    "CHS": "zh-CN",
    "CHT": "zh-TW",
    "CSY": "cs-CZ",
    "DEU": "de-DE",
    "ESN": "es-ES",
    "FRA": "fr-FR",
    "ITA": "it-IT",
    "JPN": "ja-JP",
    "KOR": "ko-KR",
    "PLK": "pl-PL",
    "PTB": "pt-BR",
    "RUS": "ru-RU",
    "TRK": "tr-TR"
  }
}